batch_id,final_quality_grade,final_moisture_content,total_processing_time_hr,total_loss_kg,yield_percent,broken_rice_percent,contamination_flag,risk_level,anomaly_flag,traceability_complete_flag,outcome_timestamp
BATCH-2025-0001,medium,12.71,465.98,704.47,58.86,9.67,1,medium,0,1,2025-04-14T17:26:49+07:00
BATCH-2025-0002,substandard,13.97,333.83,2452.6,58.18,25.73,1,high,0,0,2025-05-27T13:39:01+07:00
BATCH-2025-0003,substandard,14.3,457.24,1373.29,49.0,31.04,0,high,1,0,2025-07-06T06:45:07+07:00
BATCH-2025-0004,substandard,15.06,454.3,2264.43,52.64,20.99,1,medium,0,1,2025-08-07T07:40:56+07:00
BATCH-2025-0005,premium,11.63,445.31,566.57,61.78,16.56,0,low,0,1,2025-02-10T15:26:53+07:00
BATCH-2025-0006,substandard,15.23,455.04,2403.83,53.36,25.87,1,high,0,1,2025-05-13T11:17:14+07:00
BATCH-2025-0007,medium,14.31,273.93,1450.44,57.19,19.68,0,low,0,1,2025-04-11T19:01:34+07:00
BATCH-2025-0008,substandard,15.46,508.0,819.29,50.16,29.64,0,high,1,0,2025-02-12T09:32:55+07:00
BATCH-2025-0009,substandard,16.2,561.56,1652.71,49.26,28.5,0,high,1,0,2025-03-07T19:14:23+07:00
BATCH-2025-0010,substandard,15.61,431.08,2626.27,53.86,18.97,1,high,0,0,2025-05-10T16:11:31+07:00
BATCH-2025-0011,substandard,15.09,451.45,2438.01,51.92,31.8,1,high,1,0,2025-02-12T21:15:59+07:00
BATCH-2025-0012,medium,14.51,323.37,1966.94,52.57,24.25,1,medium,0,1,2025-02-26T06:05:23+07:00
BATCH-2025-0013,medium,14.28,409.23,1322.65,58.65,15.18,0,low,0,1,2025-06-25T06:54:01+07:00
BATCH-2025-0014,substandard,16.27,586.26,2462.07,55.34,25.64,1,high,1,0,2025-06-28T14:46:23+07:00
BATCH-2025-0015,medium,13.14,302.94,2174.17,52.92,19.37,0,low,0,1,2025-06-06T20:41:20+07:00
BATCH-2025-0016,medium,14.08,422.08,1652.56,53.47,20.0,0,low,0,1,2025-07-13T23:00:56+07:00
BATCH-2025-0017,medium,14.16,426.41,981.47,53.47,24.44,0,medium,1,1,2025-03-16T01:05:53+07:00
BATCH-2025-0018,substandard,16.71,532.53,1215.23,52.01,29.26,1,high,1,0,2025-07-27T21:38:40+07:00
BATCH-2025-0019,substandard,14.03,335.31,1911.45,60.82,28.23,0,medium,0,1,2025-02-04T03:52:45+07:00
BATCH-2025-0020,premium,13.2,339.18,2111.07,59.69,13.06,0,low,0,1,2025-06-20T01:47:51+07:00
BATCH-2025-0021,premium,13.57,393.52,2394.92,57.66,17.23,0,low,0,1,2025-05-10T23:16:59+07:00
BATCH-2025-0022,premium,12.57,264.73,754.74,57.1,15.43,0,low,0,1,2025-05-04T16:43:44+07:00
BATCH-2025-0023,substandard,14.53,465.22,2347.17,53.11,28.51,1,high,0,1,2025-06-06T23:55:13+07:00
BATCH-2025-0024,substandard,16.85,511.37,775.91,53.35,32.44,1,high,1,1,2025-03-22T21:22:56+07:00
BATCH-2025-0025,medium,13.77,510.59,798.42,51.56,20.77,1,high,1,0,2025-07-19T20:09:12+07:00
BATCH-2025-0026,medium,12.55,360.56,1502.37,52.21,23.95,1,medium,0,1,2025-05-30T12:55:32+07:00
BATCH-2025-0027,medium,13.33,304.98,1587.4,56.93,20.18,0,low,0,0,2025-04-03T17:39:59+07:00
BATCH-2025-0028,substandard,15.32,472.92,1379.77,56.34,30.54,1,high,0,1,2025-03-12T12:19:22+07:00
BATCH-2025-0029,substandard,13.87,458.97,1333.76,50.49,30.91,0,medium,1,0,2025-05-18T03:53:13+07:00
BATCH-2025-0030,substandard,13.68,376.11,1938.08,58.76,27.99,0,low,0,1,2025-06-23T23:10:39+07:00
BATCH-2025-0031,substandard,12.16,244.43,2663.12,54.75,28.21,0,low,0,1,2025-02-16T09:22:04+07:00
BATCH-2025-0032,medium,14.02,280.06,2007.64,56.17,24.51,0,low,0,1,2025-07-11T01:56:25+07:00
BATCH-2025-0033,substandard,15.2,445.27,2707.96,55.18,18.66,1,high,1,1,2025-03-26T04:35:23+07:00
BATCH-2025-0034,premium,13.7,353.15,1978.24,55.98,17.31,0,low,0,1,2025-03-21T13:51:09+07:00
BATCH-2025-0035,substandard,13.28,438.79,1737.86,53.57,34.0,1,high,1,1,2025-07-24T02:11:22+07:00
BATCH-2025-0036,substandard,16.02,604.48,2143.07,50.96,24.41,1,high,1,1,2025-03-21T08:13:49+07:00
BATCH-2025-0037,substandard,13.46,493.99,1331.19,54.25,33.85,0,medium,0,1,2025-04-06T20:29:23+07:00
BATCH-2025-0038,substandard,15.83,659.98,2160.1,49.0,25.75,1,high,1,1,2025-06-05T06:33:59+07:00
BATCH-2025-0039,substandard,15.19,494.58,772.88,53.25,27.24,1,high,0,0,2025-03-18T19:00:56+07:00
BATCH-2025-0040,medium,13.96,199.36,691.44,53.63,24.3,0,low,0,1,2025-02-03T10:45:32+07:00
BATCH-2025-0041,medium,14.96,485.02,834.83,50.62,24.05,0,medium,1,1,2025-05-17T17:29:07+07:00
BATCH-2025-0042,substandard,12.71,372.42,1670.89,56.29,28.28,0,medium,0,1,2025-03-17T09:48:02+07:00
BATCH-2025-0043,substandard,16.3,404.16,1306.31,52.82,26.53,1,high,0,0,2025-05-10T07:11:25+07:00
BATCH-2025-0044,medium,14.23,572.17,1641.78,53.1,23.6,0,medium,0,0,2025-06-11T04:51:56+07:00
BATCH-2025-0045,substandard,16.04,466.89,1570.37,54.81,22.29,0,medium,1,1,2025-03-06T17:43:33+07:00
BATCH-2025-0046,substandard,15.06,370.29,1556.6,53.85,20.77,0,medium,0,1,2025-05-28T12:02:14+07:00
BATCH-2025-0047,medium,13.26,310.98,1602.72,54.15,20.7,0,low,0,1,2025-04-16T12:51:50+07:00
BATCH-2025-0048,substandard,15.71,620.78,1903.79,57.68,32.05,1,high,1,0,2025-05-23T15:37:50+07:00
BATCH-2025-0049,medium,14.42,401.88,2108.38,57.66,15.61,1,medium,0,1,2025-04-21T18:38:53+07:00
BATCH-2025-0050,substandard,13.34,550.91,756.0,56.2,25.27,0,medium,0,0,2025-02-10T14:33:44+07:00
BATCH-2025-0051,substandard,14.19,498.56,1409.84,61.61,30.75,0,medium,0,1,2025-04-18T18:35:46+07:00
BATCH-2025-0052,medium,12.57,340.4,1770.7,56.46,21.51,0,low,0,1,2025-07-21T09:52:15+07:00
BATCH-2025-0053,medium,13.48,488.25,2377.22,56.06,22.57,0,medium,0,0,2025-05-25T02:25:13+07:00
BATCH-2025-0054,substandard,16.41,531.35,664.64,57.44,29.36,1,high,1,0,2025-06-01T21:42:59+07:00
BATCH-2025-0055,substandard,13.47,582.47,2273.33,61.1,32.37,0,medium,0,1,2025-07-31T16:03:58+07:00
BATCH-2025-0056,premium,13.46,424.55,958.25,60.41,14.09,0,low,0,1,2025-07-15T22:52:50+07:00
BATCH-2025-0057,medium,13.79,397.42,1331.72,49.0,22.08,0,low,0,1,2025-05-15T16:36:26+07:00
BATCH-2025-0058,substandard,15.45,486.21,2481.21,55.7,22.01,0,medium,0,1,2025-06-30T03:05:23+07:00
BATCH-2025-0059,substandard,14.37,366.32,1453.89,49.0,25.66,0,low,0,1,2025-05-04T15:42:28+07:00
BATCH-2025-0060,substandard,17.33,562.28,1087.62,53.22,31.51,1,high,1,0,2025-02-14T18:56:53+07:00
BATCH-2025-0061,medium,13.34,284.61,1768.52,49.13,18.9,0,low,0,1,2025-07-14T04:20:23+07:00
BATCH-2025-0062,substandard,15.56,562.04,2031.55,59.37,24.94,1,high,1,1,2025-04-24T04:00:09+07:00
BATCH-2025-0063,substandard,13.16,469.77,2158.45,54.48,25.2,1,high,1,0,2025-03-06T18:52:09+07:00
BATCH-2025-0064,medium,14.42,539.95,2616.36,52.35,10.83,0,low,0,1,2025-04-25T21:54:42+07:00
BATCH-2025-0065,substandard,15.35,590.33,1684.49,56.31,32.82,1,high,1,1,2025-07-19T14:57:02+07:00
BATCH-2025-0066,medium,12.79,321.04,1912.32,58.55,23.13,0,low,0,1,2025-03-02T12:32:11+07:00
BATCH-2025-0067,medium,13.51,468.26,1019.45,56.32,21.97,1,medium,0,1,2025-06-03T15:52:40+07:00
BATCH-2025-0068,substandard,15.34,580.7,1547.98,52.78,24.41,1,high,1,0,2025-08-11T23:55:02+07:00
BATCH-2025-0069,premium,12.79,274.39,1555.1,58.86,17.62,0,low,0,1,2025-05-13T04:28:28+07:00
BATCH-2025-0070,substandard,13.5,370.45,1856.74,50.76,27.66,1,high,0,1,2025-04-14T15:41:11+07:00
BATCH-2025-0071,medium,13.76,356.82,1385.35,57.52,24.68,0,low,0,1,2025-06-20T03:12:26+07:00
BATCH-2025-0072,substandard,14.84,469.84,2997.46,51.12,28.69,0,medium,0,1,2025-03-23T18:01:10+07:00
BATCH-2025-0073,medium,13.06,347.63,771.88,62.5,20.09,0,low,0,1,2025-04-23T21:55:55+07:00
BATCH-2025-0074,premium,12.21,299.2,2429.83,53.32,15.62,0,low,0,1,2025-02-15T15:44:53+07:00
BATCH-2025-0075,substandard,14.83,399.75,2527.69,52.61,26.85,1,high,0,1,2025-04-07T23:07:12+07:00
BATCH-2025-0076,substandard,16.32,476.25,2446.52,54.74,28.1,0,medium,0,1,2025-07-09T10:27:42+07:00
BATCH-2025-0077,premium,13.01,296.6,1209.71,59.19,7.76,0,low,0,1,2025-07-04T03:17:03+07:00
BATCH-2025-0078,substandard,14.72,468.96,1150.59,52.4,34.0,1,high,1,1,2025-07-21T20:04:53+07:00
BATCH-2025-0079,substandard,14.88,576.19,1475.08,53.12,27.59,0,medium,0,1,2025-04-18T19:49:12+07:00
BATCH-2025-0080,substandard,17.36,600.54,757.56,57.24,33.01,1,high,1,0,2025-06-04T18:44:26+07:00
BATCH-2025-0081,substandard,15.27,531.77,1891.73,55.67,22.01,1,high,0,0,2025-05-17T05:37:24+07:00
BATCH-2025-0082,substandard,15.8,464.22,944.9,54.44,23.59,1,high,0,1,2025-04-12T08:58:09+07:00
BATCH-2025-0083,substandard,14.73,403.69,2592.11,57.05,30.2,1,medium,0,1,2025-07-11T15:26:10+07:00
BATCH-2025-0084,medium,13.83,372.9,816.51,61.44,19.34,1,medium,0,1,2025-06-04T19:11:02+07:00
BATCH-2025-0085,medium,12.46,444.17,814.38,49.0,20.6,1,medium,0,1,2025-05-22T15:52:27+07:00
BATCH-2025-0086,medium,13.67,380.1,1889.44,54.8,20.37,0,low,0,1,2025-05-14T05:33:01+07:00
BATCH-2025-0087,substandard,13.68,454.7,1220.64,55.31,26.85,0,medium,0,1,2025-05-26T22:44:14+07:00
BATCH-2025-0088,substandard,15.64,537.8,2781.97,49.05,24.26,1,high,1,1,2025-02-14T01:14:57+07:00
BATCH-2025-0089,substandard,15.2,407.97,2451.21,55.05,18.04,1,medium,0,1,2025-06-25T18:54:06+07:00
BATCH-2025-0090,premium,13.4,404.36,753.9,56.24,16.36,0,low,0,1,2025-06-15T05:24:19+07:00
BATCH-2025-0091,medium,14.2,407.89,1524.47,52.76,22.42,0,low,0,1,2025-02-05T13:15:32+07:00
BATCH-2025-0092,substandard,13.89,419.67,2208.57,57.0,28.24,0,medium,0,0,2025-05-01T12:32:11+07:00
BATCH-2025-0093,medium,13.91,378.98,1164.58,49.34,18.61,1,medium,0,1,2025-06-06T13:50:40+07:00
BATCH-2025-0094,substandard,18.01,679.18,1809.38,54.71,29.45,1,high,1,1,2025-07-04T15:18:43+07:00
BATCH-2025-0095,medium,14.75,391.31,1683.66,52.8,16.67,1,high,0,0,2025-02-21T06:42:35+07:00
BATCH-2025-0096,substandard,14.42,599.71,1765.25,54.39,33.45,1,high,1,0,2025-06-22T01:56:52+07:00
BATCH-2025-0097,medium,13.68,374.18,2730.75,54.3,21.86,0,low,0,1,2025-06-20T01:31:05+07:00
BATCH-2025-0098,substandard,16.2,501.76,1174.07,53.18,20.12,1,high,1,0,2025-03-20T03:10:20+07:00
BATCH-2025-0099,medium,13.64,362.7,1445.85,51.95,20.06,0,low,0,1,2025-03-22T03:36:52+07:00
BATCH-2025-0100,substandard,13.7,281.43,1504.87,51.48,26.57,0,low,0,1,2025-03-10T19:43:55+07:00
BATCH-2025-0101,substandard,15.64,626.56,2839.53,51.25,34.0,1,high,1,1,2025-04-01T07:33:19+07:00
BATCH-2025-0102,substandard,15.66,359.65,1400.87,53.77,24.38,1,medium,0,1,2025-02-20T12:07:02+07:00
BATCH-2025-0103,medium,13.7,457.91,2459.87,57.13,24.48,0,low,0,1,2025-02-27T15:52:45+07:00
BATCH-2025-0104,substandard,17.77,591.37,2118.42,56.18,34.0,1,high,1,0,2025-08-10T02:19:15+07:00
BATCH-2025-0105,substandard,15.8,446.17,2767.65,52.89,24.33,1,high,1,1,2025-02-07T16:06:03+07:00
BATCH-2025-0106,medium,14.34,505.77,2300.31,56.41,18.39,0,low,0,1,2025-06-30T02:08:28+07:00
BATCH-2025-0107,substandard,16.07,568.96,2630.22,49.03,34.0,1,high,1,0,2025-03-30T17:29:43+07:00
BATCH-2025-0108,substandard,14.5,552.18,954.67,52.58,25.03,0,medium,0,1,2025-02-18T22:29:31+07:00
BATCH-2025-0109,substandard,15.37,611.53,1366.85,55.98,33.29,1,high,1,0,2025-03-11T03:31:47+07:00
BATCH-2025-0110,substandard,13.28,435.77,1552.24,58.56,30.3,0,low,0,1,2025-05-13T13:05:03+07:00
BATCH-2025-0111,medium,13.98,509.54,711.16,56.08,24.01,1,medium,0,1,2025-04-11T18:26:17+07:00
BATCH-2025-0112,substandard,15.49,550.6,2306.41,54.05,23.2,1,high,1,1,2025-05-12T01:22:43+07:00
BATCH-2025-0113,substandard,15.96,491.15,1815.33,49.47,34.0,1,high,1,1,2025-04-13T22:05:59+07:00
BATCH-2025-0114,substandard,15.19,516.1,1351.87,55.61,31.87,0,high,1,1,2025-07-30T14:14:00+07:00
BATCH-2025-0115,medium,12.77,459.23,2084.7,57.24,19.95,1,high,1,1,2025-03-21T08:37:55+07:00
BATCH-2025-0116,substandard,13.81,354.14,1039.67,54.48,29.13,1,medium,0,1,2025-04-05T03:29:29+07:00
BATCH-2025-0117,medium,13.3,398.89,1554.6,51.36,20.42,1,medium,0,1,2025-03-11T17:32:24+07:00
BATCH-2025-0118,medium,14.88,461.13,1532.29,57.12,21.24,0,low,0,1,2025-06-08T13:28:46+07:00
BATCH-2025-0119,substandard,15.16,508.42,960.04,54.36,25.5,1,high,1,1,2025-05-10T19:35:58+07:00
BATCH-2025-0120,substandard,16.41,401.08,2967.29,49.05,20.44,0,medium,0,0,2025-07-27T22:35:55+07:00
BATCH-2025-0121,substandard,14.36,450.48,852.59,54.49,26.15,1,high,1,1,2025-06-01T01:41:39+07:00
BATCH-2025-0122,medium,14.56,515.21,1758.95,54.51,20.31,1,high,1,1,2025-02-16T22:48:20+07:00
BATCH-2025-0123,substandard,15.28,442.04,2654.92,52.14,27.88,1,high,1,1,2025-07-01T10:43:14+07:00
BATCH-2025-0124,medium,14.98,418.66,2183.38,56.26,21.15,0,low,0,1,2025-05-28T00:39:50+07:00
BATCH-2025-0125,medium,14.12,498.62,793.11,54.78,21.93,0,low,0,1,2025-02-26T13:23:22+07:00
BATCH-2025-0126,medium,14.07,267.74,2122.21,60.07,22.27,0,low,0,1,2025-05-29T08:15:18+07:00
BATCH-2025-0127,medium,13.66,395.99,2643.5,52.39,18.97,1,high,1,1,2025-06-01T00:31:25+07:00
BATCH-2025-0128,medium,13.07,360.67,1429.81,54.38,23.4,1,medium,0,1,2025-04-02T13:48:29+07:00
BATCH-2025-0129,substandard,17.32,423.41,866.78,49.0,26.88,1,high,0,0,2025-03-08T08:16:48+07:00
BATCH-2025-0130,medium,14.92,476.1,1585.16,50.19,17.68,1,high,1,1,2025-04-14T05:40:45+07:00
BATCH-2025-0131,substandard,16.08,613.71,717.44,52.94,31.09,1,high,1,1,2025-05-26T20:48:45+07:00
BATCH-2025-0132,medium,13.76,263.06,1152.16,60.34,21.48,0,low,0,1,2025-05-01T20:55:35+07:00
BATCH-2025-0133,medium,12.04,374.29,615.19,59.04,24.04,0,low,0,1,2025-04-09T14:20:36+07:00
BATCH-2025-0134,substandard,15.02,361.08,2300.07,61.47,28.1,0,medium,0,0,2025-06-07T03:07:39+07:00
BATCH-2025-0135,medium,14.07,510.39,946.11,53.65,18.36,0,low,0,0,2025-05-03T16:04:15+07:00
BATCH-2025-0136,substandard,11.48,403.73,2346.88,54.82,25.12,0,medium,0,1,2025-06-05T14:19:02+07:00
BATCH-2025-0137,substandard,14.81,587.08,2805.5,49.92,34.0,1,high,1,1,2025-02-14T11:41:32+07:00
BATCH-2025-0138,medium,14.22,253.77,960.51,60.58,12.31,1,medium,0,1,2025-04-30T22:34:06+07:00
BATCH-2025-0139,medium,13.19,519.28,2011.3,54.74,22.34,1,high,1,1,2025-08-10T19:38:45+07:00
BATCH-2025-0140,substandard,17.3,568.5,1686.12,55.15,26.06,1,high,0,1,2025-02-09T22:47:57+07:00
BATCH-2025-0141,medium,14.13,467.27,2849.37,50.82,17.24,1,high,0,0,2025-07-17T17:09:20+07:00
BATCH-2025-0142,substandard,13.95,426.52,1065.15,59.76,26.75,1,high,0,0,2025-02-28T20:23:19+07:00
BATCH-2025-0143,substandard,14.35,325.01,2696.46,55.5,32.36,1,medium,0,1,2025-03-30T19:59:36+07:00
BATCH-2025-0144,substandard,13.82,416.68,1640.88,49.0,27.9,1,high,1,0,2025-07-23T09:01:41+07:00
BATCH-2025-0145,substandard,14.29,456.97,1206.53,55.79,34.0,1,high,1,1,2025-02-10T07:45:08+07:00
BATCH-2025-0146,medium,14.3,373.76,2462.29,54.41,20.83,0,low,0,0,2025-06-18T18:32:43+07:00
BATCH-2025-0147,medium,13.84,420.57,1068.26,58.97,18.69,0,low,0,1,2025-03-31T22:39:09+07:00
BATCH-2025-0148,substandard,15.21,492.24,2432.99,49.0,34.0,1,high,1,0,2025-03-25T17:28:09+07:00
BATCH-2025-0149,substandard,15.07,488.98,1310.14,51.95,29.26,1,high,0,0,2025-03-21T18:29:05+07:00
BATCH-2025-0150,medium,14.4,344.58,1625.14,56.31,21.94,0,low,0,1,2025-05-23T02:18:52+07:00
BATCH-2025-0151,substandard,12.57,561.38,1044.07,60.62,27.68,0,medium,0,1,2025-07-05T16:34:44+07:00
BATCH-2025-0152,premium,12.81,492.85,816.3,58.63,16.67,0,medium,0,0,2025-07-23T05:52:06+07:00
BATCH-2025-0153,medium,13.11,454.33,2011.04,59.07,15.4,1,medium,1,1,2025-04-10T07:59:51+07:00
BATCH-2025-0154,substandard,13.21,469.22,752.46,49.84,25.6,1,high,1,1,2025-03-22T04:52:12+07:00
BATCH-2025-0155,substandard,14.65,509.58,1822.93,54.52,25.77,1,medium,0,1,2025-05-04T00:57:50+07:00
BATCH-2025-0156,substandard,16.11,470.4,1006.87,55.5,24.06,1,high,1,1,2025-08-04T17:03:02+07:00
BATCH-2025-0157,medium,12.26,318.9,831.89,55.51,18.01,0,low,0,0,2025-06-11T09:06:53+07:00
BATCH-2025-0158,substandard,14.06,427.95,804.8,58.15,25.9,1,high,0,1,2025-02-07T12:40:50+07:00
BATCH-2025-0159,substandard,15.68,624.67,958.13,54.48,31.13,1,high,1,1,2025-04-13T22:49:06+07:00
BATCH-2025-0160,medium,14.39,389.45,1774.18,59.68,24.22,1,medium,0,1,2025-02-27T19:27:47+07:00
BATCH-2025-0161,medium,13.33,408.99,1245.43,57.79,18.04,0,low,0,1,2025-02-06T10:12:16+07:00
BATCH-2025-0162,substandard,13.99,364.85,1492.59,56.32,33.25,0,low,0,1,2025-03-29T17:37:47+07:00
BATCH-2025-0163,medium,13.09,480.06,1977.2,53.77,21.95,1,high,0,0,2025-06-23T06:03:32+07:00
BATCH-2025-0164,substandard,15.56,467.07,2380.14,53.22,34.0,1,high,1,1,2025-04-27T15:51:04+07:00
BATCH-2025-0165,medium,14.21,433.6,2762.79,49.0,17.42,0,low,0,1,2025-07-15T09:17:49+07:00
BATCH-2025-0166,substandard,13.45,463.4,2595.61,51.0,25.86,0,low,0,1,2025-05-18T22:26:05+07:00
BATCH-2025-0167,medium,13.67,431.11,1427.37,54.14,23.67,0,low,0,1,2025-02-27T18:15:49+07:00
BATCH-2025-0168,medium,12.41,269.47,1441.29,53.89,21.47,0,low,0,0,2025-06-29T16:40:12+07:00
BATCH-2025-0169,substandard,14.79,431.37,2059.04,51.71,34.0,0,high,1,0,2025-04-24T23:12:01+07:00
BATCH-2025-0170,substandard,14.2,501.81,918.83,57.13,29.35,0,high,1,0,2025-07-12T03:58:31+07:00
BATCH-2025-0171,premium,13.3,271.09,2351.15,57.27,12.48,0,low,0,1,2025-07-15T07:06:14+07:00
BATCH-2025-0172,substandard,16.34,435.08,2078.63,51.62,32.63,1,high,1,0,2025-03-24T11:02:02+07:00
BATCH-2025-0173,medium,14.7,427.57,1362.83,52.21,16.66,0,medium,0,0,2025-03-08T03:07:05+07:00
BATCH-2025-0174,substandard,13.67,213.86,1884.36,59.42,27.22,0,low,0,1,2025-07-04T07:20:31+07:00
BATCH-2025-0175,substandard,16.4,692.91,1456.89,49.4,33.43,1,high,1,0,2025-07-21T07:10:18+07:00
BATCH-2025-0176,medium,14.01,403.76,2540.75,57.51,15.39,0,low,0,1,2025-04-24T03:26:29+07:00
BATCH-2025-0177,substandard,14.72,553.5,1642.05,49.38,29.61,1,high,1,0,2025-03-22T09:41:56+07:00
BATCH-2025-0178,premium,13.01,495.03,2464.87,54.46,17.63,0,low,0,1,2025-04-08T17:13:48+07:00
BATCH-2025-0179,medium,14.75,451.87,817.84,56.86,24.92,0,low,0,1,2025-03-29T04:41:06+07:00
BATCH-2025-0180,premium,13.39,268.19,2214.52,53.68,15.8,0,low,0,1,2025-02-10T07:28:17+07:00
BATCH-2025-0181,substandard,15.07,336.63,2090.39,51.4,25.17,0,medium,0,0,2025-05-03T19:30:42+07:00
BATCH-2025-0182,substandard,14.45,560.16,696.45,54.2,29.89,1,high,1,1,2025-03-31T02:49:28+07:00
BATCH-2025-0183,premium,12.88,353.88,1506.9,61.84,17.94,0,medium,0,0,2025-07-12T11:39:43+07:00
BATCH-2025-0184,substandard,15.93,467.91,1707.11,53.82,31.59,1,high,0,1,2025-02-11T14:50:35+07:00
BATCH-2025-0185,substandard,17.16,462.51,1182.28,54.64,27.06,1,high,0,1,2025-06-27T13:36:50+07:00
BATCH-2025-0186,substandard,16.14,396.7,2508.06,57.54,30.84,1,high,0,1,2025-07-06T21:31:07+07:00
BATCH-2025-0187,medium,13.48,237.87,1849.28,58.49,16.35,1,medium,0,1,2025-07-06T05:42:05+07:00
BATCH-2025-0188,substandard,16.21,398.21,2830.62,51.01,19.92,1,high,0,0,2025-04-21T16:49:38+07:00
BATCH-2025-0189,substandard,14.69,391.58,2376.62,54.02,28.67,0,medium,0,0,2025-03-11T15:14:53+07:00
BATCH-2025-0190,substandard,15.16,476.89,775.66,57.03,26.93,1,high,0,1,2025-08-07T18:16:12+07:00
BATCH-2025-0191,substandard,13.95,488.1,2410.25,55.9,29.25,1,high,1,1,2025-08-09T05:40:03+07:00
BATCH-2025-0192,substandard,15.81,621.85,1120.07,52.98,34.0,1,high,1,0,2025-06-19T03:00:15+07:00
BATCH-2025-0193,substandard,17.36,468.03,1721.73,49.03,26.08,1,high,1,1,2025-04-08T03:07:40+07:00
BATCH-2025-0194,premium,13.99,545.97,2116.08,56.07,14.5,0,low,0,1,2025-05-23T11:53:21+07:00
BATCH-2025-0195,medium,13.54,400.88,2255.64,59.63,19.84,0,low,0,1,2025-05-27T18:30:39+07:00
BATCH-2025-0196,substandard,14.67,434.81,1153.1,53.31,29.67,0,low,0,1,2025-04-08T07:43:30+07:00
BATCH-2025-0197,substandard,16.05,473.22,790.37,60.68,24.05,0,medium,0,1,2025-02-22T09:55:58+07:00
BATCH-2025-0198,substandard,14.36,433.33,1406.95,51.76,26.08,1,medium,0,1,2025-06-23T22:50:55+07:00
BATCH-2025-0199,substandard,15.45,508.72,2138.26,60.9,29.98,1,high,0,0,2025-06-13T11:03:09+07:00
BATCH-2025-0200,premium,13.86,395.13,1711.16,62.8,16.08,0,low,0,1,2025-07-14T00:59:05+07:00
BATCH-2025-0201,substandard,14.07,282.84,1285.83,61.45,26.71,0,medium,0,1,2025-03-19T14:23:22+07:00
BATCH-2025-0202,substandard,14.5,407.19,1942.71,61.14,28.26,1,medium,0,1,2025-07-29T09:19:13+07:00
BATCH-2025-0203,premium,11.89,464.51,1045.29,55.48,16.21,0,low,0,1,2025-08-07T22:48:37+07:00
BATCH-2025-0204,substandard,15.78,664.18,1210.71,50.91,26.75,1,high,1,1,2025-05-01T10:04:52+07:00
BATCH-2025-0205,substandard,15.28,321.73,2369.18,54.8,25.36,0,medium,0,1,2025-04-19T11:35:58+07:00
BATCH-2025-0206,medium,12.77,393.58,1602.77,58.52,19.93,0,medium,1,1,2025-06-18T06:46:01+07:00
BATCH-2025-0207,medium,14.43,594.77,1218.77,57.69,23.22,1,high,1,1,2025-02-19T21:06:18+07:00
BATCH-2025-0208,substandard,15.02,394.58,1782.82,54.27,31.39,0,medium,0,0,2025-05-08T02:36:59+07:00
BATCH-2025-0209,medium,14.28,354.41,1622.78,58.22,18.29,1,high,0,0,2025-06-25T05:09:33+07:00
BATCH-2025-0210,medium,13.02,480.22,1327.85,61.31,22.66,0,low,0,0,2025-04-30T23:41:20+07:00
BATCH-2025-0211,medium,13.31,344.08,1754.63,59.37,18.14,0,low,0,1,2025-03-07T09:51:03+07:00
BATCH-2025-0212,premium,13.42,454.81,2168.64,50.56,13.38,0,low,0,1,2025-02-06T13:24:43+07:00
BATCH-2025-0213,medium,14.0,557.39,2360.91,56.57,23.91,1,medium,1,1,2025-04-22T11:58:11+07:00
BATCH-2025-0214,substandard,15.08,695.75,1926.34,51.48,34.0,1,high,1,0,2025-03-13T09:08:16+07:00
BATCH-2025-0215,medium,14.18,367.7,1836.6,56.22,23.63,0,low,0,1,2025-03-20T09:54:10+07:00
BATCH-2025-0216,medium,13.66,414.19,2460.55,59.55,24.53,0,low,0,1,2025-04-13T15:15:06+07:00
BATCH-2025-0217,substandard,15.23,516.47,1971.64,49.0,34.0,1,high,1,0,2025-05-05T18:47:10+07:00
BATCH-2025-0218,substandard,14.55,425.86,1625.3,51.44,32.2,0,medium,0,0,2025-06-10T09:37:26+07:00
BATCH-2025-0219,premium,12.33,327.81,723.24,55.73,17.35,0,low,0,1,2025-07-08T18:32:23+07:00
BATCH-2025-0220,substandard,14.16,386.04,2403.85,55.4,30.06,0,medium,0,1,2025-02-28T02:18:10+07:00
BATCH-2025-0221,premium,12.89,255.91,1429.34,53.17,17.64,0,low,0,1,2025-04-24T06:27:22+07:00
BATCH-2025-0222,medium,14.74,327.57,2641.3,56.52,14.19,1,medium,0,1,2025-05-31T20:14:27+07:00
BATCH-2025-0223,substandard,13.46,455.18,1582.51,57.26,32.12,1,high,0,1,2025-05-07T23:07:00+07:00
BATCH-2025-0224,substandard,15.73,523.48,1023.94,56.49,20.98,1,high,1,0,2025-04-05T02:45:58+07:00
BATCH-2025-0225,substandard,15.54,374.46,2198.46,52.8,17.59,0,low,0,1,2025-03-28T16:19:19+07:00
BATCH-2025-0226,substandard,15.19,490.83,765.71,59.06,25.01,1,high,0,1,2025-04-01T13:18:42+07:00
BATCH-2025-0227,substandard,14.07,494.3,2412.29,58.64,32.21,0,low,0,1,2025-04-17T21:00:55+07:00
BATCH-2025-0228,substandard,15.94,359.63,1627.79,50.68,21.04,0,low,0,1,2025-07-03T02:25:36+07:00
BATCH-2025-0229,medium,14.86,381.84,1012.29,58.54,16.6,0,low,0,1,2025-06-06T21:41:22+07:00
BATCH-2025-0230,substandard,15.5,405.97,1823.9,56.07,34.0,1,high,1,0,2025-03-26T23:24:05+07:00
BATCH-2025-0231,medium,12.75,370.61,2236.68,54.79,20.41,0,low,0,1,2025-06-22T12:18:27+07:00
BATCH-2025-0232,substandard,15.71,336.3,1945.95,57.28,26.0,1,high,0,1,2025-03-04T04:11:55+07:00
BATCH-2025-0233,substandard,13.87,379.95,1054.97,56.23,32.64,0,medium,0,1,2025-05-12T01:07:08+07:00
BATCH-2025-0234,medium,14.74,482.92,2451.76,49.0,22.72,1,high,1,0,2025-07-28T07:13:28+07:00
BATCH-2025-0235,substandard,15.61,428.84,867.08,60.95,31.02,1,high,0,1,2025-05-25T14:57:14+07:00
BATCH-2025-0236,substandard,17.08,419.66,2372.03,59.73,31.1,1,high,1,1,2025-07-10T18:38:31+07:00
BATCH-2025-0237,medium,14.21,359.01,834.98,53.44,24.42,0,low,0,1,2025-05-20T22:33:44+07:00
BATCH-2025-0238,substandard,14.57,496.9,1524.15,52.27,34.0,0,high,1,0,2025-06-20T11:35:45+07:00
BATCH-2025-0239,substandard,15.27,422.24,1973.87,51.36,24.13,1,high,0,1,2025-06-21T17:04:24+07:00
BATCH-2025-0240,premium,13.96,243.93,1531.25,60.08,17.98,0,low,0,1,2025-04-11T20:57:40+07:00
BATCH-2025-0241,premium,13.61,313.02,2335.66,55.35,14.48,0,low,0,0,2025-06-20T02:05:06+07:00
BATCH-2025-0242,medium,14.68,278.63,763.46,54.66,20.99,0,low,0,1,2025-06-07T09:37:05+07:00
BATCH-2025-0243,medium,13.75,314.1,2673.5,56.6,13.11,1,medium,0,1,2025-03-26T03:24:49+07:00
BATCH-2025-0244,medium,12.28,257.38,1869.88,59.01,20.06,0,low,0,0,2025-05-10T17:01:33+07:00
BATCH-2025-0245,medium,14.45,582.1,1044.82,53.23,24.39,0,low,0,1,2025-03-27T10:23:12+07:00
BATCH-2025-0246,medium,13.71,281.51,967.68,62.0,18.9,0,low,0,1,2025-02-08T22:52:48+07:00
BATCH-2025-0247,substandard,13.85,470.33,1487.58,55.79,31.07,1,high,1,1,2025-05-24T02:17:57+07:00
BATCH-2025-0248,medium,13.87,368.41,1335.06,49.32,21.39,0,low,0,1,2025-03-12T08:11:26+07:00
BATCH-2025-0249,substandard,16.11,544.95,2749.44,55.43,19.15,1,medium,0,1,2025-02-25T21:42:44+07:00
BATCH-2025-0250,substandard,14.5,556.45,1208.26,55.58,27.01,0,medium,0,1,2025-07-20T09:05:47+07:00
BATCH-2025-0251,medium,13.1,434.68,1907.39,56.06,23.08,1,medium,0,0,2025-03-17T03:59:59+07:00
BATCH-2025-0252,medium,13.17,516.87,1454.69,58.67,24.07,1,high,0,0,2025-04-13T08:51:20+07:00
BATCH-2025-0253,medium,14.1,322.07,2467.23,50.67,21.8,0,low,0,1,2025-02-26T06:30:22+07:00
BATCH-2025-0254,substandard,12.99,344.54,1543.83,57.34,25.3,1,high,0,1,2025-06-21T08:50:08+07:00
BATCH-2025-0255,substandard,17.16,495.86,2260.42,56.59,34.0,0,high,1,0,2025-03-20T16:57:43+07:00
BATCH-2025-0256,substandard,15.39,316.87,1128.06,54.51,26.35,0,medium,0,1,2025-02-05T14:43:08+07:00
BATCH-2025-0257,medium,14.69,434.67,2260.65,55.07,20.78,0,low,0,1,2025-08-06T12:32:20+07:00
BATCH-2025-0258,substandard,12.14,416.87,2076.59,53.51,26.27,0,medium,0,1,2025-05-27T15:02:07+07:00
BATCH-2025-0259,medium,13.94,337.93,1824.38,57.39,21.79,0,low,0,1,2025-07-15T19:12:04+07:00
BATCH-2025-0260,substandard,12.93,248.91,1766.34,51.47,26.89,0,low,0,1,2025-01-31T19:34:28+07:00
BATCH-2025-0261,medium,13.85,434.42,2626.57,56.78,20.49,0,low,0,1,2025-02-18T10:11:16+07:00
BATCH-2025-0262,medium,14.59,472.09,1419.99,51.06,23.52,0,low,0,1,2025-04-08T01:51:30+07:00
BATCH-2025-0263,substandard,12.53,380.46,2868.01,50.03,26.79,0,medium,0,0,2025-02-26T11:17:41+07:00
BATCH-2025-0264,medium,13.34,394.42,1518.92,50.35,24.2,0,low,0,1,2025-04-06T18:52:57+07:00
BATCH-2025-0265,substandard,18.48,533.54,2495.17,49.0,22.77,0,high,1,0,2025-04-22T08:54:29+07:00
BATCH-2025-0266,medium,14.05,444.2,1669.66,58.36,19.73,0,low,0,1,2025-03-30T20:37:17+07:00
BATCH-2025-0267,medium,14.13,416.08,1270.67,56.06,23.67,0,medium,0,0,2025-02-13T12:14:59+07:00
BATCH-2025-0268,substandard,12.64,198.06,1337.66,50.25,30.37,0,medium,0,0,2025-06-12T16:41:27+07:00
BATCH-2025-0269,medium,13.64,386.72,1610.64,54.89,20.3,0,medium,0,0,2025-02-10T07:48:25+07:00
BATCH-2025-0270,medium,13.79,427.46,1025.9,56.44,22.03,0,low,0,1,2025-06-27T15:25:49+07:00
BATCH-2025-0271,medium,14.18,428.39,2051.99,53.06,18.3,0,medium,0,0,2025-07-24T02:02:27+07:00
BATCH-2025-0272,substandard,13.93,443.7,1194.36,52.08,32.47,0,medium,1,1,2025-02-22T13:24:06+07:00
BATCH-2025-0273,substandard,13.91,214.52,1812.75,59.38,26.52,0,medium,0,0,2025-05-22T14:09:55+07:00
BATCH-2025-0274,medium,14.18,346.61,2988.71,50.39,23.98,1,medium,0,1,2025-02-25T12:46:23+07:00
BATCH-2025-0275,medium,13.36,356.87,1965.2,59.06,21.86,0,low,0,1,2025-02-19T23:35:03+07:00
BATCH-2025-0276,medium,13.61,570.58,919.64,53.34,19.79,1,high,1,0,2025-05-06T20:50:36+07:00
BATCH-2025-0277,substandard,13.77,394.62,2451.37,60.42,33.78,0,medium,0,1,2025-08-01T13:22:10+07:00
BATCH-2025-0278,substandard,15.69,549.01,869.91,49.9,28.65,0,high,1,0,2025-02-26T02:08:27+07:00
BATCH-2025-0279,substandard,15.86,548.4,1431.92,50.34,34.0,1,high,1,0,2025-05-28T21:12:53+07:00
BATCH-2025-0280,substandard,14.02,322.96,953.94,56.94,25.61,1,high,0,1,2025-06-27T15:10:34+07:00
BATCH-2025-0281,substandard,15.03,348.61,2215.9,57.74,13.9,1,high,1,1,2025-03-25T08:56:36+07:00
BATCH-2025-0282,substandard,16.0,624.5,2959.93,49.52,34.0,1,high,1,1,2025-08-11T23:13:14+07:00
BATCH-2025-0283,substandard,13.83,342.14,2634.96,54.44,25.77,0,medium,0,1,2025-06-08T07:43:25+07:00
BATCH-2025-0284,substandard,16.18,528.67,787.57,55.88,25.36,1,high,1,0,2025-07-07T08:13:17+07:00
BATCH-2025-0285,substandard,15.24,440.85,2583.97,51.46,34.0,1,high,1,0,2025-05-26T19:06:47+07:00
BATCH-2025-0286,medium,14.86,489.99,1034.36,50.85,22.82,0,low,0,1,2025-04-24T08:30:40+07:00
BATCH-2025-0287,substandard,17.01,438.5,2208.86,56.9,33.23,1,high,1,0,2025-03-02T00:23:16+07:00
BATCH-2025-0288,medium,13.63,484.15,1723.34,60.17,21.26,0,low,0,1,2025-03-06T11:24:44+07:00
BATCH-2025-0289,substandard,15.47,308.37,1169.88,59.82,19.91,1,high,0,0,2025-05-14T19:03:18+07:00
BATCH-2025-0290,premium,11.69,313.39,2303.69,56.35,13.24,0,low,0,1,2025-07-10T07:36:16+07:00
BATCH-2025-0291,substandard,15.03,504.05,985.27,53.06,30.92,1,high,1,1,2025-05-10T08:01:00+07:00
BATCH-2025-0292,substandard,15.21,628.04,786.94,49.0,34.0,1,high,0,0,2025-05-12T14:07:10+07:00
BATCH-2025-0293,medium,13.32,342.6,2350.86,56.89,18.89,0,low,0,1,2025-02-13T03:06:48+07:00
BATCH-2025-0294,medium,14.18,391.61,817.77,52.17,16.3,0,medium,0,0,2025-06-18T11:17:31+07:00
BATCH-2025-0295,medium,14.51,380.53,2811.45,54.37,21.96,0,low,0,1,2025-06-25T16:41:02+07:00
BATCH-2025-0296,medium,13.3,527.59,1237.23,53.96,19.38,0,medium,1,1,2025-04-27T05:35:14+07:00
BATCH-2025-0297,premium,13.75,298.2,1416.96,53.9,11.8,0,low,0,1,2025-02-18T12:06:48+07:00
BATCH-2025-0298,medium,13.4,275.49,2859.38,52.25,19.63,0,low,0,1,2025-05-18T03:11:24+07:00
BATCH-2025-0299,medium,13.91,481.83,721.59,53.86,17.12,1,medium,1,1,2025-02-15T14:24:53+07:00
BATCH-2025-0300,medium,14.46,266.69,959.18,54.05,22.02,0,low,0,1,2025-04-09T06:43:37+07:00
BATCH-2025-0301,medium,13.66,347.06,2487.27,58.34,20.18,0,low,0,0,2025-04-19T08:51:49+07:00
BATCH-2025-0302,substandard,13.96,505.3,1257.49,50.4,25.26,1,high,1,0,2025-07-09T07:34:59+07:00
BATCH-2025-0303,medium,14.11,497.39,2175.0,55.77,13.37,0,low,0,1,2025-03-24T18:28:24+07:00
BATCH-2025-0304,substandard,16.14,476.53,2705.9,54.19,28.0,1,high,1,1,2025-08-08T04:19:33+07:00
BATCH-2025-0305,substandard,15.42,457.53,2213.15,53.79,25.93,1,high,0,0,2025-08-08T04:05:57+07:00
BATCH-2025-0306,substandard,13.41,244.48,1587.84,62.7,26.29,0,low,0,1,2025-03-14T06:34:54+07:00
BATCH-2025-0307,medium,14.8,542.54,1569.52,49.0,24.69,1,high,1,0,2025-03-29T13:43:30+07:00
BATCH-2025-0308,substandard,15.48,551.55,1395.96,56.59,29.98,0,high,1,0,2025-03-22T09:13:07+07:00
BATCH-2025-0309,substandard,15.24,552.14,2289.2,56.1,23.8,1,high,1,0,2025-02-14T23:18:18+07:00
BATCH-2025-0310,medium,13.98,298.8,2024.9,59.84,23.79,0,low,0,1,2025-03-20T07:54:12+07:00
BATCH-2025-0311,substandard,14.64,436.82,2105.46,52.86,27.48,1,high,0,0,2025-06-06T10:48:55+07:00
BATCH-2025-0312,medium,14.45,420.42,1193.49,50.4,18.7,0,low,0,1,2025-02-26T23:23:19+07:00
BATCH-2025-0313,substandard,14.9,370.27,628.43,58.42,34.0,0,medium,0,1,2025-06-02T08:39:29+07:00
BATCH-2025-0314,medium,14.32,409.04,2346.15,50.6,21.85,1,medium,0,0,2025-03-14T18:01:31+07:00
BATCH-2025-0315,medium,14.41,467.47,1444.66,59.16,21.41,0,low,0,1,2025-02-07T08:13:15+07:00
BATCH-2025-0316,medium,13.17,409.87,2184.01,53.57,22.7,1,medium,0,1,2025-04-01T11:31:58+07:00
BATCH-2025-0317,substandard,13.55,263.73,1584.83,51.82,25.66,1,high,0,0,2025-06-22T07:15:47+07:00
BATCH-2025-0318,substandard,12.1,394.77,1729.19,55.81,26.51,0,low,0,1,2025-03-11T16:33:29+07:00
BATCH-2025-0319,substandard,15.32,439.06,1363.06,55.1,29.12,1,high,0,1,2025-03-10T17:17:36+07:00
BATCH-2025-0320,substandard,16.38,414.48,1583.49,53.92,29.07,1,high,0,0,2025-04-28T21:25:45+07:00
BATCH-2025-0321,substandard,15.94,343.34,2831.69,52.86,34.0,1,high,1,0,2025-07-29T17:49:11+07:00
BATCH-2025-0322,substandard,14.33,442.95,2543.81,57.39,28.25,0,medium,0,1,2025-07-05T07:59:01+07:00
BATCH-2025-0323,substandard,12.77,281.54,620.18,60.42,25.32,1,high,0,0,2025-03-13T23:40:41+07:00
BATCH-2025-0324,substandard,16.74,667.55,2031.03,54.84,28.57,1,high,1,1,2025-07-14T01:42:58+07:00
BATCH-2025-0325,medium,13.7,442.18,2103.1,54.45,24.2,0,low,0,1,2025-03-28T12:42:00+07:00
BATCH-2025-0326,premium,13.17,339.08,1982.07,50.76,15.7,0,low,0,1,2025-06-03T21:11:42+07:00
BATCH-2025-0327,substandard,15.25,416.86,2235.13,49.26,29.0,0,high,1,0,2025-07-23T23:14:38+07:00
BATCH-2025-0328,substandard,15.71,443.33,1563.42,50.6,25.4,1,high,0,1,2025-03-06T21:13:03+07:00
BATCH-2025-0329,medium,13.7,352.29,1394.8,55.48,17.88,1,medium,0,0,2025-06-25T19:00:36+07:00
BATCH-2025-0330,medium,14.19,446.81,2158.62,58.86,19.69,0,low,0,1,2025-04-25T21:47:31+07:00
BATCH-2025-0331,substandard,15.76,512.67,2635.66,54.57,27.81,1,high,1,0,2025-07-03T04:21:17+07:00
BATCH-2025-0332,medium,12.39,381.64,2149.24,60.18,22.96,0,medium,0,0,2025-06-14T05:43:40+07:00
BATCH-2025-0333,medium,13.45,311.34,2169.34,54.47,22.65,0,low,0,1,2025-03-28T04:01:13+07:00
BATCH-2025-0334,substandard,15.42,318.47,1187.95,55.44,16.9,1,high,0,0,2025-02-27T15:00:06+07:00
BATCH-2025-0335,substandard,13.87,327.97,2777.97,51.04,28.2,1,high,0,1,2025-02-17T11:51:06+07:00
BATCH-2025-0336,medium,13.16,516.29,2056.95,51.36,24.57,1,high,1,0,2025-04-18T05:41:38+07:00
BATCH-2025-0337,substandard,15.86,540.21,670.39,58.89,34.0,1,high,1,1,2025-05-22T00:59:36+07:00
BATCH-2025-0338,medium,13.37,420.11,2917.45,49.75,19.55,0,low,0,1,2025-07-23T09:05:25+07:00
BATCH-2025-0339,substandard,14.94,525.42,706.31,58.4,27.6,1,medium,0,1,2025-04-09T06:13:07+07:00
BATCH-2025-0340,substandard,16.89,652.72,2442.98,53.08,24.67,1,high,1,0,2025-06-24T02:40:16+07:00
BATCH-2025-0341,substandard,15.52,438.17,2851.33,49.72,17.7,1,medium,0,1,2025-07-21T16:31:10+07:00
BATCH-2025-0342,substandard,16.52,585.49,2585.34,52.25,29.59,1,high,1,1,2025-03-18T23:30:12+07:00
BATCH-2025-0343,medium,14.57,476.05,2795.28,50.49,20.5,1,medium,0,1,2025-06-16T04:21:47+07:00
BATCH-2025-0344,substandard,13.39,417.46,1335.92,55.21,27.0,0,medium,0,1,2025-02-09T21:05:33+07:00
BATCH-2025-0345,medium,13.43,436.2,1929.41,61.3,23.1,1,medium,0,0,2025-03-20T15:53:53+07:00
BATCH-2025-0346,medium,14.49,486.91,2008.24,57.93,23.32,0,low,0,1,2025-03-29T10:50:43+07:00
BATCH-2025-0347,premium,13.02,436.47,955.41,59.06,16.99,0,low,0,1,2025-06-01T10:40:58+07:00
BATCH-2025-0348,substandard,16.05,619.24,773.35,58.47,34.0,1,high,1,1,2025-05-25T23:24:16+07:00
BATCH-2025-0349,medium,14.08,325.6,1796.45,61.59,18.25,0,low,0,1,2025-03-07T13:58:04+07:00
BATCH-2025-0350,substandard,15.82,321.86,1232.49,51.29,19.92,1,medium,0,1,2025-07-02T12:56:30+07:00
BATCH-2025-0351,medium,14.58,501.27,1604.42,53.48,19.87,1,high,1,0,2025-04-25T10:47:59+07:00
BATCH-2025-0352,medium,14.76,429.37,2486.68,51.99,18.94,0,low,0,0,2025-07-20T16:44:55+07:00
BATCH-2025-0353,substandard,15.36,555.97,1262.39,59.21,30.18,1,high,1,1,2025-05-20T04:43:25+07:00
BATCH-2025-0354,medium,13.96,573.54,2635.43,52.97,23.96,0,low,0,1,2025-07-31T10:23:25+07:00
BATCH-2025-0355,substandard,15.25,479.37,2303.73,54.33,14.73,1,high,0,1,2025-08-04T05:17:17+07:00
BATCH-2025-0356,substandard,15.89,454.94,1501.9,62.22,33.98,1,high,1,1,2025-05-14T09:18:32+07:00
BATCH-2025-0357,medium,14.82,369.69,2025.09,53.43,23.18,0,low,0,1,2025-04-29T08:45:13+07:00
BATCH-2025-0358,medium,14.57,329.58,1237.42,60.44,24.77,0,low,0,1,2025-04-26T07:10:37+07:00
BATCH-2025-0359,substandard,15.34,501.87,1931.93,54.74,34.0,1,high,1,1,2025-07-14T18:21:19+07:00
BATCH-2025-0360,medium,13.91,475.63,662.46,56.53,23.55,1,high,1,0,2025-07-20T13:13:56+07:00
BATCH-2025-0361,substandard,15.14,500.59,1477.69,57.03,26.8,1,high,0,1,2025-06-07T15:59:37+07:00
BATCH-2025-0362,substandard,16.96,443.76,1332.67,55.98,25.81,1,high,1,0,2025-02-22T20:39:26+07:00
BATCH-2025-0363,substandard,12.38,412.91,822.22,55.49,28.86,0,medium,0,1,2025-02-14T04:03:51+07:00
BATCH-2025-0364,substandard,17.18,482.73,1853.23,50.51,30.99,1,high,1,1,2025-02-21T01:10:32+07:00
BATCH-2025-0365,substandard,13.49,356.97,1123.09,50.91,26.57,0,medium,0,0,2025-03-19T09:14:28+07:00
BATCH-2025-0366,substandard,16.21,700.6,3176.75,49.0,34.0,1,high,1,0,2025-04-02T10:16:02+07:00
BATCH-2025-0367,substandard,16.07,406.51,2637.39,56.83,28.15,0,high,1,0,2025-05-17T15:41:29+07:00
BATCH-2025-0368,substandard,17.84,433.54,1332.87,57.81,33.51,1,high,1,1,2025-04-22T21:01:40+07:00
BATCH-2025-0369,medium,13.36,312.62,1384.36,52.29,22.3,0,low,0,1,2025-02-27T04:55:11+07:00
BATCH-2025-0370,medium,12.64,299.05,735.1,59.47,22.28,0,low,0,1,2025-07-09T21:11:13+07:00
BATCH-2025-0371,substandard,15.54,378.26,2161.66,63.22,17.65,1,high,0,0,2025-07-06T10:37:53+07:00
BATCH-2025-0372,substandard,15.15,355.1,999.73,56.82,27.06,0,medium,0,1,2025-07-12T10:33:44+07:00
BATCH-2025-0373,substandard,16.18,604.78,1105.85,51.26,34.0,1,high,1,1,2025-03-06T19:35:57+07:00
BATCH-2025-0374,medium,14.28,438.97,1885.49,49.0,21.33,1,medium,1,1,2025-06-20T17:49:02+07:00
BATCH-2025-0375,substandard,14.86,382.3,2267.16,54.53,27.47,1,medium,0,1,2025-07-22T05:01:57+07:00
BATCH-2025-0376,medium,13.82,432.02,2290.55,54.22,21.06,0,low,0,1,2025-02-13T03:58:18+07:00
BATCH-2025-0377,substandard,16.16,517.78,1201.62,51.04,30.48,1,high,1,0,2025-06-25T09:12:53+07:00
BATCH-2025-0378,substandard,13.58,282.95,775.01,56.94,25.5,1,medium,0,1,2025-04-13T13:13:01+07:00
BATCH-2025-0379,substandard,15.4,570.51,2362.01,54.54,34.0,1,high,1,1,2025-03-22T04:54:24+07:00
BATCH-2025-0380,substandard,15.16,613.48,2120.13,50.26,31.81,1,high,1,1,2025-05-15T18:49:32+07:00
BATCH-2025-0381,substandard,18.05,577.22,2349.26,56.81,34.0,1,high,1,0,2025-07-08T13:26:02+07:00
BATCH-2025-0382,medium,14.17,307.05,1557.42,51.97,23.2,0,low,0,0,2025-05-06T23:47:53+07:00
BATCH-2025-0383,substandard,16.2,517.56,1355.36,53.22,30.34,1,high,0,0,2025-05-07T17:10:48+07:00
BATCH-2025-0384,medium,12.51,421.57,1256.63,59.13,18.17,0,low,0,1,2025-06-29T16:46:57+07:00
BATCH-2025-0385,substandard,17.96,624.31,798.32,49.0,32.58,1,high,1,1,2025-05-17T03:27:26+07:00
BATCH-2025-0386,substandard,15.58,389.19,2459.02,54.78,21.41,0,medium,0,0,2025-03-24T12:00:35+07:00
BATCH-2025-0387,medium,13.9,385.41,2109.47,57.98,20.9,0,low,0,0,2025-08-04T05:23:35+07:00
BATCH-2025-0388,substandard,14.51,490.39,1751.74,56.22,28.59,0,medium,0,1,2025-06-29T20:00:07+07:00
BATCH-2025-0389,substandard,15.4,401.63,2605.95,55.12,29.65,1,high,1,1,2025-04-25T16:47:42+07:00
BATCH-2025-0390,substandard,16.88,692.25,2466.08,51.5,32.23,1,high,1,0,2025-06-12T02:59:58+07:00
BATCH-2025-0391,substandard,13.29,341.39,1222.59,58.35,25.5,0,low,0,1,2025-04-22T20:33:21+07:00
BATCH-2025-0392,substandard,15.03,525.78,2364.86,56.8,30.49,1,high,1,1,2025-04-10T07:36:44+07:00
BATCH-2025-0393,medium,13.04,252.87,1020.26,54.63,20.06,0,low,0,1,2025-04-14T01:58:16+07:00
BATCH-2025-0394,premium,13.14,443.5,1825.77,59.33,14.71,0,low,0,0,2025-07-03T15:01:02+07:00
BATCH-2025-0395,medium,14.15,558.35,1620.59,56.66,21.18,0,low,0,1,2025-08-03T22:53:06+07:00
BATCH-2025-0396,medium,13.32,462.28,1629.07,54.36,22.26,1,medium,0,1,2025-07-02T08:01:05+07:00
BATCH-2025-0397,medium,14.87,336.36,1499.88,62.27,17.71,0,low,0,1,2025-03-01T12:39:22+07:00
BATCH-2025-0398,substandard,13.32,491.58,1259.28,50.7,26.85,1,high,1,1,2025-04-16T05:46:52+07:00
BATCH-2025-0399,substandard,16.31,579.24,2223.72,54.91,34.0,1,high,1,1,2025-06-03T01:12:17+07:00
BATCH-2025-0400,substandard,17.88,436.46,1224.19,50.21,34.0,1,high,1,1,2025-05-02T17:42:53+07:00
BATCH-2025-0401,medium,13.72,522.95,772.35,54.35,23.17,0,low,0,1,2025-02-17T22:23:59+07:00
BATCH-2025-0402,medium,12.86,564.29,1095.17,51.31,16.27,1,high,1,1,2025-06-05T14:09:14+07:00
BATCH-2025-0403,medium,14.34,431.55,2059.72,54.75,17.42,1,medium,0,1,2025-06-11T14:26:50+07:00
BATCH-2025-0404,medium,14.03,286.28,2426.09,59.76,16.65,0,low,0,1,2025-04-20T13:01:42+07:00
BATCH-2025-0405,substandard,15.85,243.7,1108.25,61.93,15.64,0,medium,0,0,2025-05-02T19:19:42+07:00
BATCH-2025-0406,medium,13.65,455.02,1459.9,50.0,23.4,0,medium,0,0,2025-05-08T09:40:08+07:00
BATCH-2025-0407,medium,13.98,430.99,2431.76,54.12,23.56,1,high,0,0,2025-03-31T09:58:34+07:00
BATCH-2025-0408,substandard,16.44,563.8,2102.06,50.35,25.54,0,high,1,0,2025-05-02T13:57:10+07:00
BATCH-2025-0409,medium,12.32,424.05,1293.66,54.86,22.0,0,medium,0,0,2025-04-12T22:37:00+07:00
BATCH-2025-0410,medium,14.55,407.87,2281.25,51.5,20.11,0,medium,0,0,2025-02-14T05:26:23+07:00
BATCH-2025-0411,medium,14.91,394.12,2255.73,61.82,22.53,0,low,0,1,2025-03-31T22:00:10+07:00
BATCH-2025-0412,substandard,15.09,327.36,2459.96,58.91,19.23,0,low,0,1,2025-07-13T21:09:41+07:00
BATCH-2025-0413,substandard,14.17,329.61,2425.26,54.97,27.92,0,medium,0,1,2025-05-15T09:40:18+07:00
BATCH-2025-0414,medium,14.21,289.21,1322.23,51.3,11.24,0,low,0,1,2025-07-09T18:54:33+07:00
BATCH-2025-0415,substandard,14.81,329.03,950.77,57.07,32.22,1,high,0,1,2025-07-14T11:38:54+07:00
BATCH-2025-0416,medium,13.6,479.98,2544.46,54.35,21.68,0,medium,1,1,2025-03-11T21:23:54+07:00
BATCH-2025-0417,medium,14.5,352.26,2765.54,54.24,16.77,1,medium,0,1,2025-03-09T16:35:37+07:00
BATCH-2025-0418,medium,14.3,331.7,2640.61,51.28,22.19,0,low,0,1,2025-06-22T22:00:51+07:00
BATCH-2025-0419,medium,14.14,269.54,1955.15,59.38,6.5,0,low,0,1,2025-02-14T23:05:17+07:00
BATCH-2025-0420,medium,13.65,350.01,2697.48,52.12,20.61,0,low,0,1,2025-06-02T23:21:27+07:00
BATCH-2025-0421,substandard,13.82,387.86,1128.07,55.29,30.4,1,high,1,1,2025-05-16T22:48:30+07:00
BATCH-2025-0422,medium,14.58,290.29,2063.97,53.81,24.54,0,low,0,1,2025-06-06T10:46:29+07:00
BATCH-2025-0423,premium,13.39,302.64,1766.86,54.99,14.89,0,low,0,1,2025-06-08T15:21:18+07:00
BATCH-2025-0424,medium,12.34,444.64,1830.98,60.94,22.66,0,low,0,1,2025-05-09T01:21:31+07:00
BATCH-2025-0425,medium,13.76,417.49,1746.89,49.0,24.81,0,medium,1,0,2025-03-23T19:09:19+07:00
BATCH-2025-0426,substandard,16.15,552.14,1534.57,54.84,34.0,1,high,1,0,2025-07-26T22:15:35+07:00
BATCH-2025-0427,substandard,14.15,521.05,2527.66,55.29,26.44,0,medium,0,1,2025-06-05T04:44:44+07:00
BATCH-2025-0428,medium,14.93,362.95,1568.5,54.63,13.81,0,low,0,0,2025-03-30T15:38:03+07:00
BATCH-2025-0429,substandard,16.1,595.41,1198.08,55.25,28.93,0,high,1,0,2025-02-22T02:05:22+07:00
BATCH-2025-0430,substandard,15.17,459.75,2094.1,50.81,22.61,0,low,0,1,2025-02-20T14:02:56+07:00
BATCH-2025-0431,substandard,15.94,489.88,2786.75,52.77,28.97,1,high,1,1,2025-07-15T14:21:01+07:00
BATCH-2025-0432,substandard,14.77,580.45,2280.1,56.08,33.16,0,medium,1,1,2025-03-08T13:35:53+07:00
BATCH-2025-0433,substandard,17.1,515.88,1439.22,51.28,34.0,1,high,1,0,2025-07-17T11:44:55+07:00
BATCH-2025-0434,substandard,15.09,387.52,1186.11,58.24,19.02,1,medium,0,1,2025-04-10T21:48:18+07:00
BATCH-2025-0435,medium,12.29,284.19,2116.17,54.77,13.44,1,medium,0,1,2025-02-08T13:24:32+07:00
BATCH-2025-0436,medium,14.5,493.03,2595.45,54.45,18.65,0,low,0,1,2025-05-03T23:23:44+07:00
BATCH-2025-0437,substandard,17.62,560.76,2580.37,51.86,34.0,1,high,1,0,2025-02-15T19:33:27+07:00
BATCH-2025-0438,substandard,14.02,461.21,2123.05,56.87,34.0,1,high,1,1,2025-03-17T10:36:29+07:00
BATCH-2025-0439,medium,14.74,469.9,1072.61,54.08,22.31,0,low,0,1,2025-05-01T23:53:55+07:00
BATCH-2025-0440,medium,14.33,374.76,1951.05,55.72,22.03,1,medium,0,1,2025-06-04T01:52:27+07:00
BATCH-2025-0441,substandard,14.18,494.14,1039.87,53.76,28.93,0,high,1,0,2025-06-14T17:46:36+07:00
BATCH-2025-0442,substandard,16.49,488.01,1491.98,56.11,31.0,1,high,1,1,2025-08-01T06:12:27+07:00
BATCH-2025-0443,substandard,15.1,516.43,1527.83,54.07,33.66,1,high,1,1,2025-05-17T12:47:49+07:00
BATCH-2025-0444,medium,14.46,470.59,1188.19,54.53,24.47,1,medium,0,1,2025-08-07T17:00:23+07:00
BATCH-2025-0445,medium,14.74,304.97,1289.54,56.51,22.25,0,low,0,1,2025-04-24T16:41:01+07:00
BATCH-2025-0446,substandard,13.9,411.54,2192.98,54.19,25.97,1,high,0,0,2025-07-30T18:44:17+07:00
BATCH-2025-0447,substandard,15.52,429.57,2051.78,58.56,29.38,1,high,1,0,2025-04-22T18:31:26+07:00
BATCH-2025-0448,substandard,13.91,329.68,2487.45,52.82,26.18,1,high,0,0,2025-02-01T21:08:47+07:00
BATCH-2025-0449,medium,14.24,339.46,2358.56,54.83,21.99,1,medium,0,1,2025-03-27T12:32:29+07:00
BATCH-2025-0450,medium,14.87,427.81,1561.36,57.51,21.78,0,medium,0,0,2025-06-09T14:45:22+07:00
BATCH-2025-0451,medium,13.92,369.49,3009.45,50.05,17.34,1,medium,0,1,2025-06-07T08:47:25+07:00
BATCH-2025-0452,substandard,13.57,566.46,2756.3,51.68,26.73,1,high,1,1,2025-03-11T13:59:46+07:00
BATCH-2025-0453,medium,14.15,406.82,2858.78,50.21,21.73,1,high,0,0,2025-05-11T06:59:02+07:00
BATCH-2025-0454,medium,13.54,457.51,1988.67,63.16,23.92,1,medium,0,1,2025-05-11T01:07:33+07:00
BATCH-2025-0455,medium,14.44,446.56,2339.86,55.52,16.66,0,medium,0,0,2025-06-26T15:56:38+07:00
BATCH-2025-0456,substandard,16.93,463.66,2074.59,50.35,34.0,1,high,1,0,2025-06-06T13:10:34+07:00
BATCH-2025-0457,medium,12.75,424.16,1312.43,54.68,19.19,0,low,0,1,2025-02-24T10:55:20+07:00
BATCH-2025-0458,medium,13.39,346.2,1615.05,49.17,24.93,1,high,0,0,2025-01-31T09:59:03+07:00
BATCH-2025-0459,medium,14.15,475.23,1838.67,57.46,24.48,0,low,0,1,2025-04-12T02:02:36+07:00
BATCH-2025-0460,medium,13.58,346.53,1829.22,59.6,23.05,1,medium,0,1,2025-04-05T22:47:42+07:00
BATCH-2025-0461,substandard,15.21,506.61,621.99,57.1,25.43,1,high,0,1,2025-06-10T01:18:25+07:00
BATCH-2025-0462,medium,13.58,214.57,683.9,54.46,20.97,1,medium,0,1,2025-05-21T01:37:09+07:00
BATCH-2025-0463,medium,14.91,284.23,2785.2,53.97,24.25,0,low,0,1,2025-04-04T23:19:49+07:00
BATCH-2025-0464,substandard,13.45,288.49,1518.69,56.91,25.04,1,medium,0,1,2025-03-10T04:41:25+07:00
BATCH-2025-0465,medium,12.19,416.08,904.97,57.28,22.08,0,medium,0,0,2025-03-04T02:22:53+07:00
BATCH-2025-0466,substandard,16.93,561.62,1359.6,50.56,31.66,1,high,1,1,2025-04-19T08:24:26+07:00
BATCH-2025-0467,substandard,16.43,610.96,2916.53,52.21,28.41,1,high,1,1,2025-04-03T01:22:35+07:00
BATCH-2025-0468,medium,13.35,360.74,842.94,54.57,18.67,0,low,1,1,2025-05-09T10:51:38+07:00
BATCH-2025-0469,substandard,14.77,335.98,1605.19,54.18,25.19,0,medium,0,1,2025-05-09T11:13:35+07:00
BATCH-2025-0470,medium,12.9,268.19,2130.0,61.82,20.89,0,low,0,1,2025-05-16T02:25:37+07:00
BATCH-2025-0471,substandard,13.04,491.47,2851.36,49.0,28.98,0,medium,0,1,2025-08-06T17:05:05+07:00
BATCH-2025-0472,substandard,14.06,477.0,1716.38,60.24,27.72,0,medium,0,0,2025-02-07T03:07:53+07:00
BATCH-2025-0473,substandard,15.11,564.5,1628.24,55.65,24.21,1,high,1,1,2025-03-18T16:35:48+07:00
BATCH-2025-0474,medium,14.19,422.23,2049.14,50.6,24.85,1,high,0,0,2025-02-28T01:34:05+07:00
BATCH-2025-0475,medium,14.19,292.75,2257.37,55.92,23.39,0,low,0,1,2025-05-14T14:42:15+07:00
BATCH-2025-0476,medium,14.28,376.85,990.62,51.42,23.56,0,low,0,1,2025-05-16T03:04:52+07:00
BATCH-2025-0477,substandard,14.13,431.22,771.09,55.1,25.93,0,medium,0,0,2025-04-28T10:04:09+07:00
BATCH-2025-0478,substandard,14.32,410.49,1691.8,56.92,27.3,0,medium,0,1,2025-02-16T05:52:19+07:00
BATCH-2025-0479,substandard,15.37,479.42,1371.45,54.83,20.99,1,high,0,1,2025-05-07T10:18:21+07:00
BATCH-2025-0480,medium,14.11,374.13,1104.86,58.53,15.48,0,low,0,0,2025-03-25T09:18:47+07:00
BATCH-2025-0481,medium,13.16,465.12,1162.02,60.31,18.46,0,low,0,1,2025-03-27T09:27:12+07:00
BATCH-2025-0482,substandard,16.57,528.58,3214.7,49.0,34.0,0,high,1,0,2025-02-16T00:06:31+07:00
BATCH-2025-0483,medium,13.84,428.76,1863.52,55.45,17.22,1,medium,0,1,2025-06-15T19:09:27+07:00
BATCH-2025-0484,medium,14.56,507.1,1756.68,56.14,18.05,1,high,1,0,2025-05-30T22:51:45+07:00
BATCH-2025-0485,substandard,14.07,418.49,2408.45,56.24,30.92,0,medium,0,1,2025-02-07T03:39:40+07:00
BATCH-2025-0486,substandard,12.83,469.31,1690.77,57.18,26.38,0,medium,0,1,2025-06-30T14:19:21+07:00
BATCH-2025-0487,substandard,16.06,515.88,1203.08,59.01,32.12,1,high,0,1,2025-04-26T12:15:52+07:00
BATCH-2025-0488,substandard,13.74,285.78,1707.24,54.64,25.86,0,low,0,1,2025-03-29T00:12:42+07:00
BATCH-2025-0489,substandard,16.61,607.06,2713.31,50.18,34.0,1,high,1,0,2025-03-20T09:34:33+07:00
BATCH-2025-0490,substandard,14.57,372.19,1895.71,61.29,32.44,0,medium,0,1,2025-07-08T11:00:06+07:00
BATCH-2025-0491,medium,13.2,525.0,1681.53,55.21,21.85,0,low,0,1,2025-03-08T00:59:13+07:00
BATCH-2025-0492,substandard,15.69,623.49,1751.08,49.5,34.0,1,high,1,1,2025-03-10T05:14:39+07:00
BATCH-2025-0493,substandard,17.6,574.9,1054.26,51.1,34.0,1,high,1,0,2025-05-17T18:41:54+07:00
BATCH-2025-0494,substandard,13.74,467.03,1408.29,52.57,25.51,0,medium,0,1,2025-03-05T17:15:54+07:00
BATCH-2025-0495,medium,12.48,378.67,1313.99,58.13,21.92,0,low,0,0,2025-06-27T00:23:03+07:00
BATCH-2025-0496,substandard,15.01,604.62,2073.48,55.93,28.66,1,high,1,0,2025-05-02T02:37:23+07:00
BATCH-2025-0497,substandard,16.7,368.08,2313.17,55.71,27.0,1,high,0,1,2025-04-12T15:47:53+07:00
BATCH-2025-0498,substandard,16.38,554.27,2825.29,49.0,33.57,1,high,1,0,2025-06-04T13:56:08+07:00
BATCH-2025-0499,medium,14.3,468.44,1628.92,58.16,22.61,0,low,0,1,2025-05-17T22:01:11+07:00
BATCH-2025-0500,medium,14.14,513.64,970.38,63.39,21.08,0,medium,0,0,2025-06-27T15:29:08+07:00
BATCH-2025-0501,substandard,15.54,573.6,2600.02,50.96,34.0,1,high,0,0,2025-02-19T03:34:15+07:00
BATCH-2025-0502,medium,14.5,346.62,1886.0,57.34,22.56,0,medium,0,0,2025-05-07T23:49:22+07:00
BATCH-2025-0503,medium,14.41,412.71,855.22,59.18,21.37,0,medium,0,0,2025-03-18T08:25:46+07:00
BATCH-2025-0504,medium,15.0,280.09,1530.15,56.68,24.36,0,low,0,1,2025-07-13T13:20:25+07:00
BATCH-2025-0505,substandard,13.45,477.19,2862.16,49.43,27.29,1,high,1,0,2025-07-26T21:39:07+07:00
BATCH-2025-0506,substandard,13.52,484.81,2274.78,55.42,25.06,0,medium,0,1,2025-07-16T10:11:39+07:00
BATCH-2025-0507,medium,13.94,460.52,1251.88,49.0,24.16,0,low,0,0,2025-05-20T08:58:21+07:00
BATCH-2025-0508,premium,13.42,249.43,1894.01,51.34,14.11,0,low,0,1,2025-06-05T19:53:31+07:00
BATCH-2025-0509,substandard,12.6,611.78,2583.33,49.56,27.28,1,high,1,1,2025-03-14T08:49:58+07:00
BATCH-2025-0510,substandard,14.63,807.87,944.54,49.0,34.0,1,high,1,1,2025-06-11T17:49:07+07:00
BATCH-2025-0511,substandard,15.31,403.37,1352.24,54.36,29.42,0,medium,0,1,2025-02-18T05:03:10+07:00
BATCH-2025-0512,substandard,16.25,698.49,2546.03,49.41,34.0,1,high,1,0,2025-07-05T05:06:15+07:00
BATCH-2025-0513,substandard,14.06,325.43,2460.31,54.92,27.37,0,medium,0,0,2025-06-23T10:14:51+07:00
BATCH-2025-0514,substandard,16.24,574.04,2517.09,51.67,34.0,1,high,1,1,2025-06-03T22:12:15+07:00
BATCH-2025-0515,substandard,16.35,476.34,1939.16,49.0,21.06,1,high,1,1,2025-06-01T01:45:22+07:00
BATCH-2025-0516,substandard,13.68,470.57,1781.23,57.18,27.75,0,medium,0,0,2025-03-16T23:01:54+07:00
BATCH-2025-0517,substandard,15.09,520.86,2688.06,54.51,34.0,1,high,1,0,2025-02-20T23:15:44+07:00
BATCH-2025-0518,medium,14.22,367.32,944.14,51.13,21.24,1,high,0,0,2025-03-02T12:29:00+07:00
BATCH-2025-0519,medium,14.93,452.35,2233.95,53.48,19.42,1,medium,0,1,2025-06-20T12:10:12+07:00
BATCH-2025-0520,substandard,16.97,502.65,1183.33,59.75,24.63,0,medium,1,1,2025-05-16T06:02:07+07:00
BATCH-2025-0521,medium,12.53,323.9,852.41,56.79,18.97,1,medium,0,1,2025-04-13T19:13:06+07:00
BATCH-2025-0522,substandard,13.72,476.6,1298.06,58.76,29.41,0,medium,0,1,2025-07-09T11:13:03+07:00
BATCH-2025-0523,substandard,15.46,515.24,1834.44,49.31,24.93,1,high,1,0,2025-04-09T12:18:25+07:00
BATCH-2025-0524,medium,14.22,286.91,2603.26,57.32,21.86,0,low,0,1,2025-04-20T03:03:44+07:00
BATCH-2025-0525,substandard,13.34,413.87,686.92,53.12,27.47,0,low,0,1,2025-06-10T11:14:24+07:00
BATCH-2025-0526,substandard,15.47,440.74,2686.18,53.46,23.67,0,high,1,0,2025-03-27T02:54:29+07:00
BATCH-2025-0527,substandard,15.26,413.63,1563.23,55.21,19.88,1,high,1,0,2025-03-15T15:14:03+07:00
BATCH-2025-0528,substandard,15.56,401.91,2005.77,52.84,25.85,1,high,0,0,2025-05-16T09:09:49+07:00
BATCH-2025-0529,substandard,15.73,516.6,2610.95,56.65,33.04,1,high,1,0,2025-06-08T12:40:53+07:00
BATCH-2025-0530,substandard,15.25,444.2,2376.16,51.31,15.37,0,low,0,1,2025-03-13T00:00:17+07:00
BATCH-2025-0531,substandard,15.29,539.9,2180.52,56.33,25.35,1,high,1,0,2025-03-15T19:45:53+07:00
BATCH-2025-0532,substandard,14.75,439.49,2219.0,49.0,28.08,0,medium,1,1,2025-05-08T11:06:32+07:00
BATCH-2025-0533,medium,13.23,428.54,655.26,58.03,23.35,0,low,0,1,2025-07-01T23:48:29+07:00
BATCH-2025-0534,substandard,15.01,544.79,875.36,57.35,29.43,1,high,1,1,2025-04-14T02:53:11+07:00
BATCH-2025-0535,substandard,15.93,543.84,2549.0,52.68,34.0,0,high,1,0,2025-07-10T00:10:26+07:00
BATCH-2025-0536,substandard,14.67,485.05,2269.72,49.3,32.04,0,medium,1,1,2025-03-06T21:35:53+07:00
BATCH-2025-0537,medium,14.76,275.75,2695.58,55.98,19.65,0,low,0,1,2025-07-20T16:25:02+07:00
BATCH-2025-0538,substandard,15.05,523.25,2422.1,57.46,14.6,0,medium,0,0,2025-06-02T20:39:57+07:00
BATCH-2025-0539,medium,13.66,351.01,2525.21,56.71,22.55,0,low,0,1,2025-05-04T09:12:19+07:00
BATCH-2025-0540,substandard,15.18,540.72,2055.31,54.56,23.16,1,high,1,0,2025-04-06T12:39:28+07:00
BATCH-2025-0541,medium,14.47,403.94,1737.96,55.79,23.35,0,low,0,1,2025-03-31T18:04:35+07:00
BATCH-2025-0542,medium,14.82,467.1,977.37,55.06,21.45,1,medium,0,0,2025-07-17T06:16:09+07:00
BATCH-2025-0543,substandard,16.1,371.97,1764.87,54.55,28.71,1,high,1,0,2025-02-03T15:52:18+07:00
BATCH-2025-0544,substandard,15.21,566.83,1243.55,49.33,24.77,1,high,1,1,2025-04-25T16:46:44+07:00
BATCH-2025-0545,medium,14.11,335.51,808.35,56.5,17.74,0,low,0,1,2025-04-22T03:59:44+07:00
BATCH-2025-0546,substandard,13.91,349.43,2029.07,56.24,31.32,1,high,0,0,2025-02-09T00:23:05+07:00
BATCH-2025-0547,substandard,13.07,249.3,1335.84,59.68,26.52,0,low,0,1,2025-02-24T07:41:51+07:00
BATCH-2025-0548,medium,13.43,242.17,1940.74,50.82,22.2,1,medium,0,1,2025-03-28T04:44:22+07:00
BATCH-2025-0549,substandard,15.43,399.25,1805.57,60.3,32.74,1,high,0,0,2025-08-04T02:57:02+07:00
BATCH-2025-0550,medium,14.37,320.81,842.74,59.31,16.38,0,low,0,1,2025-05-31T14:56:44+07:00
BATCH-2025-0551,substandard,15.42,553.92,1353.21,49.0,29.65,1,high,1,1,2025-03-06T21:26:17+07:00
BATCH-2025-0552,substandard,15.08,341.22,1917.5,61.75,25.11,0,medium,0,1,2025-04-12T10:42:14+07:00
BATCH-2025-0553,substandard,17.2,504.03,1350.83,54.56,28.98,0,medium,1,1,2025-03-08T11:53:00+07:00
BATCH-2025-0554,substandard,14.86,713.38,1760.35,50.48,34.0,1,high,1,0,2025-06-23T00:29:46+07:00
BATCH-2025-0555,medium,14.32,489.04,1525.36,56.54,21.34,0,low,0,1,2025-06-26T14:47:30+07:00
BATCH-2025-0556,medium,14.95,479.94,2517.49,51.54,23.45,1,high,1,1,2025-05-04T02:54:30+07:00
BATCH-2025-0557,substandard,14.32,413.07,1409.65,61.48,27.34,0,medium,0,1,2025-03-08T15:05:10+07:00
BATCH-2025-0558,medium,14.67,510.62,1251.84,56.6,23.2,1,medium,0,1,2025-06-02T13:33:23+07:00
BATCH-2025-0559,substandard,16.31,428.08,2181.83,55.07,31.45,1,high,1,0,2025-05-22T03:11:01+07:00
BATCH-2025-0560,substandard,15.21,492.21,926.53,52.67,27.04,1,high,1,0,2025-05-05T01:20:19+07:00
BATCH-2025-0561,substandard,14.88,428.45,2505.38,57.41,34.0,0,medium,1,0,2025-02-11T23:21:13+07:00
BATCH-2025-0562,medium,14.24,583.22,1301.19,54.46,17.71,0,low,0,1,2025-05-07T14:03:03+07:00
BATCH-2025-0563,medium,12.59,458.71,1256.19,61.14,19.46,0,low,0,1,2025-05-15T09:38:37+07:00
BATCH-2025-0564,medium,14.93,435.94,1312.74,51.92,21.73,1,medium,0,0,2025-07-25T07:05:25+07:00
BATCH-2025-0565,substandard,15.43,545.85,2503.6,55.96,33.66,1,high,1,0,2025-03-11T12:58:45+07:00
BATCH-2025-0566,substandard,15.71,608.01,1624.58,57.86,29.77,1,high,1,0,2025-04-16T12:18:36+07:00
BATCH-2025-0567,substandard,15.01,340.86,1698.68,58.06,34.0,1,high,0,0,2025-06-05T18:22:33+07:00
BATCH-2025-0568,substandard,17.05,503.44,720.69,52.45,34.0,1,high,1,0,2025-02-12T11:48:31+07:00
BATCH-2025-0569,substandard,14.58,391.43,869.09,51.49,33.37,1,high,1,0,2025-07-03T11:16:38+07:00
BATCH-2025-0570,premium,13.98,233.13,786.65,49.41,16.96,0,low,0,0,2025-02-08T17:41:55+07:00
BATCH-2025-0571,substandard,15.02,437.91,2323.18,61.14,25.77,0,medium,0,1,2025-03-29T04:29:52+07:00
BATCH-2025-0572,substandard,15.86,550.73,895.74,50.12,28.04,1,high,1,1,2025-04-22T23:32:54+07:00
BATCH-2025-0573,medium,13.72,574.6,2200.95,53.31,22.48,0,low,0,1,2025-02-18T06:11:15+07:00
BATCH-2025-0574,medium,13.5,406.28,1511.4,59.58,10.53,1,medium,0,1,2025-05-17T08:32:34+07:00
BATCH-2025-0575,substandard,14.72,372.66,1433.77,55.43,25.09,1,high,0,1,2025-03-03T22:56:22+07:00
BATCH-2025-0576,substandard,13.66,358.06,2555.72,57.01,26.16,0,low,0,1,2025-03-11T11:03:20+07:00
BATCH-2025-0577,substandard,15.67,379.62,1276.18,61.11,25.94,1,high,0,1,2025-05-10T03:05:06+07:00
BATCH-2025-0578,medium,14.14,334.03,2321.41,62.17,22.12,0,low,0,1,2025-02-13T07:56:46+07:00
BATCH-2025-0579,substandard,17.12,488.0,862.77,50.64,31.74,1,high,1,0,2025-06-01T20:22:17+07:00
BATCH-2025-0580,medium,14.48,310.61,2268.64,51.13,13.26,0,low,0,1,2025-06-06T18:12:21+07:00
BATCH-2025-0581,medium,13.21,378.15,2316.23,52.35,19.67,0,low,0,1,2025-02-27T16:42:56+07:00
BATCH-2025-0582,medium,13.41,308.44,2420.25,51.42,19.12,0,low,0,1,2025-05-08T04:12:17+07:00
BATCH-2025-0583,medium,12.97,481.38,1221.66,54.69,20.24,1,high,0,0,2025-03-07T02:17:52+07:00
BATCH-2025-0584,substandard,15.8,537.67,2805.58,49.0,34.0,1,high,1,1,2025-06-06T14:09:54+07:00
BATCH-2025-0585,substandard,16.58,448.13,1056.74,56.97,23.99,1,medium,0,1,2025-03-04T19:33:31+07:00
BATCH-2025-0586,medium,12.86,487.67,783.36,59.77,22.91,0,low,0,1,2025-06-29T04:11:03+07:00
BATCH-2025-0587,substandard,16.6,562.57,2659.74,52.61,34.0,0,high,1,0,2025-02-20T09:06:27+07:00
BATCH-2025-0588,substandard,15.68,690.18,2093.78,52.45,31.79,1,high,1,0,2025-07-28T05:27:41+07:00
BATCH-2025-0589,medium,13.87,339.69,2756.71,54.37,22.93,0,low,0,1,2025-05-10T21:46:28+07:00
BATCH-2025-0590,substandard,16.65,541.77,2311.07,54.45,24.93,1,high,1,1,2025-02-08T02:20:56+07:00
BATCH-2025-0591,medium,12.46,469.03,2178.1,57.75,19.66,0,low,0,1,2025-07-18T13:52:44+07:00
BATCH-2025-0592,substandard,16.57,538.7,932.13,49.0,27.61,1,high,1,0,2025-06-21T11:17:49+07:00
BATCH-2025-0593,substandard,16.72,524.84,1990.02,53.56,27.56,1,high,1,1,2025-03-14T07:04:40+07:00
BATCH-2025-0594,medium,14.1,355.86,2279.25,53.09,17.26,0,low,0,1,2025-04-10T00:54:21+07:00
BATCH-2025-0595,substandard,15.75,451.47,1136.86,52.38,28.28,0,medium,0,1,2025-02-04T11:11:02+07:00
BATCH-2025-0596,substandard,15.25,394.46,2253.25,61.77,15.65,0,medium,0,1,2025-05-21T19:59:40+07:00
BATCH-2025-0597,substandard,14.75,648.98,1210.55,51.47,31.34,0,medium,1,1,2025-05-30T01:42:34+07:00
BATCH-2025-0598,premium,12.84,430.35,1397.33,52.63,14.84,0,low,0,1,2025-03-12T01:36:05+07:00
BATCH-2025-0599,medium,14.27,308.76,2519.35,57.26,15.09,0,low,0,1,2025-07-11T22:51:26+07:00
BATCH-2025-0600,substandard,15.16,475.46,2383.98,54.76,30.87,1,high,0,0,2025-03-09T06:26:32+07:00
